CREATE TABLE DEPOSIT(ACTNO NUMBER(3), CNAME varchar2(30), BNAME varchar2(30), AMOUNT NUMBER(6,2), ADATE DATE);
INSERT INTO DEPOSIT (ACTNO,CNAME,BNAME,AMOUNT,ADATE) VALUES(100,'ANIL','VRCE',1000.00,'1-MAR-95');
INSERT INTO DEPOSIT (ACTNO,CNAME,BNAME,AMOUNT,ADATE) VALUES(101,'SUNIL','AJNI',5000.00,'4-JAN-96');
INSERT INTO DEPOSIT (ACTNO,CNAME,BNAME,AMOUNT,ADATE) VALUES(102,'MEHUL','KAROLBAGH',3500.00,'17-NOV-95');
INSERT INTO DEPOSIT (ACTNO,CNAME,BNAME,AMOUNT,ADATE) VALUES(104,'MADHURI','CHANDI',1200.00,'17-DEC-95');
INSERT INTO DEPOSIT (ACTNO,CNAME,BNAME,AMOUNT,ADATE) VALUES(105,'PRAMOD','M.G.ROAD',3000.00,'27-MAR-96');
INSERT INTO DEPOSIT (ACTNO,CNAME,BNAME,AMOUNT,ADATE) VALUES(106,'SANDIP','ANDHERI',2000.00,'31-MAR-96');
INSERT INTO DEPOSIT (ACTNO,CNAME,BNAME,AMOUNT,ADATE) VALUES(107,'SHIVANI','VIRAR',1000.00,'5-SEP-95');
INSERT INTO DEPOSIT (ACTNO,CNAME,BNAME,AMOUNT,ADATE) VALUES(108,'KRANTI','NEHRU PLACE',5000.00,'2-JUL-95');
INSERT INTO DEPOSIT (ACTNO,CNAME,BNAME,AMOUNT,ADATE) VALUES(109,'MINU','POWAI',7000.00,'10-AUG-95');

CREATE TABLE BRANCH (BNAME varchar2(30),CITY varchar2(30));
INSERT INTO BRANCH (BNAME,CITY) VALUES('VRCE','NAGPUR');
INSERT INTO BRANCH (BNAME,CITY) VALUES('AJNI','NAGPUR');
INSERT INTO BRANCH (BNAME,CITY) VALUES('KAROLBAGH','DELHI');
INSERT INTO BRANCH (BNAME,CITY) VALUES('CHANDI','DELHI');
INSERT INTO BRANCH (BNAME,CITY) VALUES('M.G.ROAD','BANGLORE');
INSERT INTO BRANCH (BNAME,CITY) VALUES('ANDHERI','BOMBAY');
INSERT INTO BRANCH (BNAME,CITY) VALUES('VIRAR','BOMBAY');
INSERT INTO BRANCH (BNAME,CITY) VALUES('NEHRU PLACE','DELHI');
INSERT INTO BRANCH (BNAME,CITY) VALUES('POWAI','BOMBAY');

CREATE TABLE CUSTOMERS (CNAME varchar2(30),CITY varchar2(30));
INSERT INTO CUSTOMERS (CNAME,CITY) VALUES('ANIL','CALCUTTA');
INSERT INTO CUSTOMERS (CNAME,CITY) VALUES('SUNIL','DELHI');
INSERT INTO CUSTOMERS (CNAME,CITY) VALUES('MEHUL','BARODA');
INSERT INTO CUSTOMERS (CNAME,CITY) VALUES('MANDAR','PATNA');
INSERT INTO CUSTOMERS (CNAME,CITY) VALUES('MADHURI','NAGPUR');
INSERT INTO CUSTOMERS (CNAME,CITY) VALUES('PRAMOD','NAGPUR');
INSERT INTO CUSTOMERS (CNAME,CITY) VALUES('SANDIP','SURAT');
INSERT INTO CUSTOMERS (CNAME,CITY) VALUES('SHIVANI','BOMABY');
INSERT INTO CUSTOMERS (CNAME,CITY) VALUES('KRANTI','BOMBAY');
INSERT INTO CUSTOMERS (CNAME,CITY) VALUES('NAREN','BOMBAY');


CREATE TABLE BORROW (LOANNO NUMBER(3),CNAME varchar2(30),BNAME varchar2(30),AMOUNT NUMBER(6,2));
INSERT INTO BORROW (LOANNO,CNAME,BNAME,AMOUNT) VALUES(201,'ANIL','VRCE',1000.00);
INSERT INTO BORROW (LOANNO,CNAME,BNAME,AMOUNT) VALUES(206,'MEHUL','AJNI',5000.00);
INSERT INTO BORROW (LOANNO,CNAME,BNAME,AMOUNT) VALUES(311,'SUNIL','DHARAMPETH',3000.00);
INSERT INTO BORROW (LOANNO,CNAME,BNAME,AMOUNT) VALUES(321,'MADHURI','ANDHERI',2000.00);
INSERT INTO BORROW (LOANNO,CNAME,BNAME,AMOUNT) VALUES(375,'PRAMOD','VIRAR',8000.00);
INSERT INTO BORROW (LOANNO,CNAME,BNAME,AMOUNT) VALUES(481,'KRANTI','NEHRU PLACE',3000.00);

 

CREATE TABLE JOB(JOB_ID varchar2(15),JOB_NAME varchar2(35),MIN_SAL NUMBER(7,2),MAX_SAL NUMBER(7,2)); 
INSERT INTO JOB(JOB_ID,JOB_NAME,MIN_SAL,MAX_SAL) VALUES('IT_PROG','Programmer',4000,10000);
INSERT INTO JOB(JOB_ID,JOB_NAME,MIN_SAL,MAX_SAL) VALUES('MK_MGR','Marketing manager',9000,15000);
INSERT INTO JOB(JOB_ID,JOB_NAME,MIN_SAL,MAX_SAL) VALUES('FI_MGR','Finance Manager',8200,12000);
INSERT INTO JOB(JOB_ID,JOB_NAME,MIN_SAL,MAX_SAL) VALUES('FI_ACC','Account',4200,9000);
INSERT INTO JOB(JOB_ID,JOB_NAME,MIN_SAL,MAX_SAL) VALUES('LEC','Lecture',6000,17000);
INSERT INTO JOB(JOB_ID,JOB_NAME,MIN_SAL,MAX_SAL) VALUES('COMP_OP','Computer Operator',1500,3000);


CREATE TABLE EMPLOYEE (EMP_NO NUMBER(3),EMP_NAME varchar2(30),EMP_SAL NUMBER(8,2),EMP_COMM NUMBER(6,1),DEPT_NO NUMBER(3));
INSERT INTO EMPLOYEE(EMP_NO,EMP_NAME,EMP_SAL,EMP_COMM,DEPT_NO) VALUES(101,'Smith',800,NULL,20);
INSERT INTO EMPLOYEE(EMP_NO,EMP_NAME,EMP_SAL,EMP_COMM,DEPT_NO) VALUES(102,'Snehal',1600,300,25);
INSERT INTO EMPLOYEE(EMP_NO,EMP_NAME,EMP_SAL,EMP_COMM,DEPT_NO) VALUES(103,'Adama',1100,0,20);
INSERT INTO EMPLOYEE(EMP_NO,EMP_NAME,EMP_SAL,EMP_COMM,DEPT_NO) VALUES(104,'Aman',3000,NULL,15);
INSERT INTO EMPLOYEE(EMP_NO,EMP_NAME,EMP_SAL,EMP_COMM,DEPT_NO) VALUES(105,'Anita',5000,50000,10);
INSERT INTO EMPLOYEE(EMP_NO,EMP_NAME,EMP_SAL,EMP_COMM,DEPT_NO) VALUES(106,'Sneha',2450,24500,10);
INSERT INTO EMPLOYEE(EMP_NO,EMP_NAME,EMP_SAL,EMP_COMM,DEPT_NO) VALUES(107,'Anamika',2975,NULL,30);


Create table DEPOSIT(a_no Varchar2(5),cname Varchar2(15),bname Varchar2(10),amount Number(7,2),a_date Date);
INSERT INTO DEPOSIT VALUES ('101', 'ANIL','ANDHERI', 7000,"01-JAN-06");
INSERT INTO DEPOSIT VALUES ('102', 'SUNIL','VIRAR', 5000,"15-JUL-06");
INSERT INTO DEPOSIT VALUES ('103', 'JAY','VILLEPARLE', 6500,"15-MAR-06");
INSERT INTO DEPOSIT VALUES ('104', 'VIJAY','ANDHERI', 8000,"17-SEPT-06");
INSERT INTO DEPOSIT VALUES ('105', 'KEYUR','DADAR', 7500,"19-NOV-06");
INSERT INTO DEPOSIT VALUES ('106', 'MAYUR','BORIVALI', 5500,"21-DEC-06");


SELECT EMP_NAME FROM EMPLOYEE WHERE DEPT_NO = 
SELECT DEPT_NO FROM EMPLOYEE WHERE EMP_NAME LIKE 
‘SCOTT’ AND EMP_NAME <> ‘SCOTT’; 

SELECT D1.CNAME FROM DEPOSITE D1, BRANCH B2, D1.BNAME AND 
B2.CITY IN (SELECT B1.CITY FROM DEPOSITE D2 BRANCH B1 WHERE 
D2.CNAME=’ANIL’ AND D2.BNAME=B1.BNAME); 


SELECT D1.ACTNO,D1.BNAME,D1.AMOUNT,D1.ADATE ,BR1.LOANNO, 
BR1. BNAME BR1.AMOUNT FROM DEPOSITE D1 BORROW BR1 
CUSTOMER C1 WHERE C1.CNAME = D1.CNAME AND 
D1.CNAME=BR1.CNAME AND C1.CITY IN (SELECT C2.CITY FROM 
CUSTOMER C2 WHERE C2.CNAME =’PRAMOD’); 


 SELECT EMP_NO,EMP_NAME FROM EMPLOYEE WHERE EMP_SAL > 
(SELECT AVG(EMP_SAL) FROM EMPLOYEE ORDER BY EMP_SAL);

SELECT D1.CNAME FROM DEPOSIT D1,CUSTOMER C1 WHERE D1.AMOUNT>2000 D1.CNAME=C1.CNAME AND C1.CITY IN (SELECT 
C2.CITY FROM CUS TOMER C2 WHERE C2.CNAME=’ANIL’);


SELECT D.DEPT_NO,D.DEPT_NAME,E.JOB_ID FROM DEPARTMENT D,EMPLOYEE E WHERE D.DEPT_NO=E.DEPT_NO AND D.DEPT_NAME 
=’ACCOUNTING’;


SELECT D1.BNAME FROM DEPOSIT D1 GROUP BY D1.BNAME HAVING CO 
UNT(D1.CNAME) > = ALL (SELECT COUNT (D2.CNAME) FROM DEPOST D2
GROUP BY D2.BNAME);

SELECT B1.CITY FROM BRANCH B1 GROUP BY B1.CITY HAVING COUNT 
(B1.BNAME) > ALL (SELECT COUNT(B2.BNAME) FROM BRANCH B2 
WHERE B1.CITY = B2.CITY GROUP BY B2.CITY);


SELECT C1.NAME FROM CUSTOMER C1 WHERE C1.CITY IN (SELECT C2. 
CITY FROM DEPOSIT D1,CUSTOMER C2 WHERE C2.CNAME = D1.C NA ME) 
GROUP BY C2.CITY HAVING COUNT (D1.CNAME) > ALL (SELECT COUNT 
(D2.CNAME) FROM DEPOSIT D2 CUSTOMER C3 WHERE D2.CNAME = 
C3.CNAME GROUP BY C3.CITY));











