CREATE TABLE DEPOSIT(ACTNO NUMBER(3), CNAME varchar2(30), BNAME varchar2(30), AMOUNT NUMBER(6,2), ADATE DATE);
INSERT INTO DEPOSIT (ACTNO,CNAME,BNAME,AMOUNT,ADATE) VALUES(100,'ANIL','VRCE',1000.00,'1-MAR-95');
INSERT INTO DEPOSIT (ACTNO,CNAME,BNAME,AMOUNT,ADATE) VALUES(101,'SUNIL','AJNI',5000.00,'4-JAN-96');
INSERT INTO DEPOSIT (ACTNO,CNAME,BNAME,AMOUNT,ADATE) VALUES(102,'MEHUL','KAROLBAGH',3500.00,'17-NOV-95');
INSERT INTO DEPOSIT (ACTNO,CNAME,BNAME,AMOUNT,ADATE) VALUES(104,'MADHURI','CHANDI',1200.00,'17-DEC-95');
INSERT INTO DEPOSIT (ACTNO,CNAME,BNAME,AMOUNT,ADATE) VALUES(105,'PRAMOD','M.G.ROAD',3000.00,'27-MAR-96');
INSERT INTO DEPOSIT (ACTNO,CNAME,BNAME,AMOUNT,ADATE) VALUES(106,'SANDIP','ANDHERI',2000.00,'31-MAR-96');
INSERT INTO DEPOSIT (ACTNO,CNAME,BNAME,AMOUNT,ADATE) VALUES(107,'SHIVANI','VIRAR',1000.00,'5-SEP-95');
INSERT INTO DEPOSIT (ACTNO,CNAME,BNAME,AMOUNT,ADATE) VALUES(108,'KRANTI','NEHRU PLACE',5000.00,'2-JUL-95');
INSERT INTO DEPOSIT (ACTNO,CNAME,BNAME,AMOUNT,ADATE) VALUES(109,'MINU','POWAI',7000.00,'10-AUG-95');

CREATE TABLE BRANCH (BNAME varchar2(30),CITY varchar2(30));
INSERT INTO BRANCH (BNAME,CITY) VALUES('VRCE','NAGPUR');
INSERT INTO BRANCH (BNAME,CITY) VALUES('AJNI','NAGPUR');
INSERT INTO BRANCH (BNAME,CITY) VALUES('KAROLBAGH','DELHI');
INSERT INTO BRANCH (BNAME,CITY) VALUES('CHANDI','DELHI');
INSERT INTO BRANCH (BNAME,CITY) VALUES('M.G.ROAD','BANGLORE');
INSERT INTO BRANCH (BNAME,CITY) VALUES('ANDHERI','BOMBAY');
INSERT INTO BRANCH (BNAME,CITY) VALUES('VIRAR','BOMBAY');
INSERT INTO BRANCH (BNAME,CITY) VALUES('NEHRU PLACE','DELHI');
INSERT INTO BRANCH (BNAME,CITY) VALUES('POWAI','BOMBAY');

CREATE TABLE CUSTOMERS (CNAME varchar2(30),CITY varchar2(30));

INSERT INTO CUSTOMERS (CNAME,CITY) VALUES('ANIL','CALCUTTA');
INSERT INTO CUSTOMERS (CNAME,CITY) VALUES('SUNIL','DELHI');
INSERT INTO CUSTOMERS (CNAME,CITY) VALUES('MEHUL','BARODA');
INSERT INTO CUSTOMERS (CNAME,CITY) VALUES('MANDAR','PATNA');
INSERT INTO CUSTOMERS (CNAME,CITY) VALUES('MADHURI','NAGPUR');
INSERT INTO CUSTOMERS (CNAME,CITY) VALUES('PRAMOD','NAGPUR');
INSERT INTO CUSTOMERS (CNAME,CITY) VALUES('SANDIP','SURAT');
INSERT INTO CUSTOMERS (CNAME,CITY) VALUES('SHIVANI','BOMABY');
INSERT INTO CUSTOMERS (CNAME,CITY) VALUES('KRANTI','BOMBAY');
INSERT INTO CUSTOMERS (CNAME,CITY) VALUES('NAREN','BOMBAY');


CREATE TABLE BORROW (LOANNO NUMBER(3),CNAME varchar2(30),BNAME varchar2(30),AMOUNT NUMBER(6,2));
INSERT INTO BORROW (LOANNO,CNAME,BNAME,AMOUNT) VALUES(201,'ANIL','VRCE',1000.00);
INSERT INTO BORROW (LOANNO,CNAME,BNAME,AMOUNT) VALUES(206,'MEHUL','AJNI',5000.00);
INSERT INTO BORROW (LOANNO,CNAME,BNAME,AMOUNT) VALUES(311,'SUNIL','DHARAMPETH',3000.00);
INSERT INTO BORROW (LOANNO,CNAME,BNAME,AMOUNT) VALUES(321,'MADHURI','ANDHERI',2000.00);
INSERT INTO BORROW (LOANNO,CNAME,BNAME,AMOUNT) VALUES(375,'PRAMOD','VIRAR',8000.00);
INSERT INTO BORROW (LOANNO,CNAME,BNAME,AMOUNT) VALUES(481,'KRANTI','NEHRU PLACE',3000.00);



        DESCRIBE BRANCH
        DESCRIBE DEPOSIT
        DESCRIBE BORROW
        DESCRIBE CUSTOMERS

        SELECT * FROM DEPOSIT;
        SELECT * FROM BORROW;
        SELECT * FROM CUSTOMERS;
        SELECT * FROM BRANCH;

     SELECT ACTNO,AMOUNT FROM DEPOSIT;
    SELECT CNAME FROM DEPOSIT WHERE AMOOUNT>4000;
    SELECT CNAME FROM DEPOSIT WHERE ADATE>'1-DEC-96';












